{
  "cam_name": "Camera",
  "resolution": [
    1280,
    720
  ],
  "intrinsics": {
    "K": [
      [
        1117.0049737353356,
        0.0,
        674.6585292884126
      ],
      [
        0.0,
        1109.333402956315,
        317.52856447273325
      ],
      [
        0.0,
        0.0,
        1.0
      ]
    ],
    "fx": 1117.0049737353356,
    "fy": 1109.333402956315,
    "cx": 674.6585292884126,
    "cy": 317.52856447273325,
    "dist_coeffs": [
      0.033179554170161295,
      -0.07278566188100105,
      -0.0017837747284217406,
      0.0009117155947135013,
      -0.040758277890592644
    ]
  },
  "extrinsics": {
    "rvec": [
      -0.08023795695433696,
      0.15793476017751537,
      -0.03126610677866209
    ],
    "tvec": [
      -0.8374644050813059,
      -0.0400807090961154,
      8.572783523946056
    ],
    "euler_angles": [
      -4.7774556019153325,
      8.965132808588272,
      -2.1708623568113317
    ]
  },
  "errors": {
    "mean_px": 0.5903767943382263,
    "median_px": 0.5181982517242432,
    "rms_px": 0.7289643287658691,
    "max_px": 9.5421724319458,
    "min_px": 0.004225555341690779,
    "per_frame_rms_px": {
      "0": 0.9837929010391235,
      "1": 0.8150296807289124,
      "2": 0.745739758014679,
      "3": 0.7574900388717651,
      "4": 0.5647286176681519,
      "5": 0.784824550151825,
      "6": 0.7002083659172058,
      "7": 0.8884549736976624,
      "8": 0.9796581864356995,
      "9": 0.7042675614356995,
      "10": 0.6991020441055298,
      "11": 0.7871677279472351,
      "12": 0.7308089137077332,
      "13": 0.7458229064941406,
      "14": 0.8912123441696167,
      "15": 0.753699779510498,
      "16": 0.6961126923561096,
      "17": 0.7842608094215393,
      "18": 0.8033471703529358,
      "19": 0.6870900988578796,
      "20": 0.6462948322296143,
      "21": 0.6787981390953064,
      "22": 0.702876627445221,
      "23": 0.6794629693031311,
      "24": 0.6313187479972839,
      "25": 0.6743913292884827,
      "26": 0.6658596396446228,
      "27": 0.6585355401039124,
      "28": 0.6379071474075317,
      "29": 0.741294264793396,
      "30": 0.6773837804794312
    }
  }
}