{
  "cam_name": "Camera",
  "resolution": [
    1280,
    720
  ],
  "intrinsics": {
    "K": [
      [
        1117.0855783262061,
        0.0,
        674.1929123231077
      ],
      [
        0.0,
        1109.4992479191333,
        317.6472274995494
      ],
      [
        0.0,
        0.0,
        1.0
      ]
    ],
    "fx": 1117.0855783262061,
    "fy": 1109.4992479191333,
    "cx": 674.1929123231077,
    "cy": 317.6472274995494,
    "dist_coeffs": [
      0.03434823522674035,
      -0.07535240117238277,
      -0.0018348556022771757,
      0.0006376176514628778,
      -0.04436279535918952
    ]
  },
  "extrinsics": {
    "rvec": [
      -0.08014821510830462,
      0.1583674397794296,
      -0.031265352627646736
    ],
    "tvec": [
      -1.3272683819626045,
      -0.0222461523755607,
      8.653350440887287
    ],
    "euler_angles": [
      -4.772880935878915,
      8.989992676577142,
      -2.171520594428366
    ]
  },
  "errors": {
    "mean_px": 0.5848881006240845,
    "median_px": 0.51827073097229,
    "rms_px": 0.7102858424186707,
    "max_px": 5.880358695983887,
    "min_px": 0.006882914807647467,
    "per_frame_rms_px": {
      "0": 0.9953140020370483,
      "1": 0.8227689862251282,
      "2": 0.752700924873352,
      "3": 0.7646000981330872,
      "4": 0.5681453943252563,
      "5": 0.6765360236167908,
      "6": 0.7039260268211365,
      "7": 0.8036749362945557,
      "8": 0.7143591046333313,
      "9": 0.7111066579818726,
      "10": 0.696921706199646,
      "11": 0.6281502842903137,
      "12": 0.739412248134613,
      "13": 0.7520080804824829,
      "14": 0.8967300057411194,
      "15": 0.7377088665962219,
      "16": 0.7807120680809021,
      "17": 0.7868363857269287,
      "18": 0.7196559906005859,
      "19": 0.6862370371818542,
      "20": 0.6444253921508789,
      "21": 0.6677532196044922,
      "22": 0.6696949601173401,
      "23": 0.6760226488113403,
      "24": 0.6132950782775879,
      "25": 0.6812211275100708,
      "26": 0.6593473553657532,
      "27": 0.6585853695869446,
      "28": 0.6294438242912292,
      "29": 0.7402113080024719,
      "30": 0.6759691834449768
    }
  }
}