{
  "cam_name": "Projector",
  "resolution": [
    768,
    768
  ],
  "intrinsics": {
    "K": [
      [
        1314.5286039406838,
        0.0,
        449.4424655571523
      ],
      [
        0.0,
        1331.6622190059386,
        287.4535780452756
      ],
      [
        0.0,
        0.0,
        1.0
      ]
    ],
    "fx": 1314.5286039406838,
    "fy": 1331.6622190059386,
    "cx": 449.4424655571523,
    "cy": 287.4535780452756,
    "dist_coeffs": [
      -0.17079459255643986,
      0.4550984992378378,
      -0.007168765322093377,
      -0.0077277683619894335,
      -6.9024835396613184
    ]
  },
  "extrinsics": {
    "rvec": [
      -0.0458806108923265,
      -0.2863027582119572,
      0.006767189351809751
    ],
    "tvec": [
      0.8299997853187833,
      -0.12120469285688552,
      12.937172198677741
    ],
    "euler_angles": [
      -2.760359102932766,
      -16.388653923887745,
      0.7880410844456471
    ]
  },
  "errors": {
    "mean_px": 1.0917471647262573,
    "median_px": 0.8832693099975586,
    "rms_px": 1.3935174942016602,
    "max_px": 7.090573310852051,
    "min_px": 0.002958159428089857,
    "per_frame_rms_px": {
      "0": 2.9139130115509033,
      "1": 2.0627341270446777,
      "2": 1.7541178464889526,
      "3": 2.662248373031616,
      "4": 1.258359432220459,
      "5": 1.2455320358276367,
      "6": 1.0659003257751465,
      "7": 0.9817414283752441,
      "8": 1.2016733884811401,
      "9": 1.2304872274398804,
      "10": 1.316089153289795,
      "11": 1.1751829385757446,
      "12": 1.419838547706604,
      "13": 1.1727526187896729,
      "14": 1.2449660301208496,
      "15": 1.0910453796386719,
      "16": 1.1565321683883667,
      "17": 0.9960682988166809,
      "18": 1.0404151678085327,
      "19": 0.8129806518554688,
      "20": 0.9961130619049072,
      "21": 1.0652849674224854,
      "22": 0.8865280747413635,
      "23": 0.7723932862281799,
      "24": 0.899652361869812,
      "25": 1.0366759300231934,
      "26": 0.8929991126060486,
      "27": 1.1659173965454102,
      "28": 1.4141861200332642,
      "29": 2.207327365875244,
      "30": 1.8438146114349365
    }
  }
}