{
  "cam_name": "Projector",
  "resolution": [
    768,
    768
  ],
  "intrinsics": {
    "K": [
      [
        1312.2117307664755,
        0.0,
        455.09001186987746
      ],
      [
        0.0,
        1329.5044555530137,
        280.20695685985754
      ],
      [
        0.0,
        0.0,
        1.0
      ]
    ],
    "fx": 1312.2117307664755,
    "fy": 1329.5044555530137,
    "cx": 455.09001186987746,
    "cy": 280.20695685985754,
    "dist_coeffs": [
      -0.1682754569399924,
      0.49206126976917225,
      -0.007668958410928017,
      -0.006343787480800447,
      -6.132588134264139
    ]
  },
  "extrinsics": {
    "rvec": [
      -0.051494838143736794,
      -0.2908756810776365,
      0.007374877863904197
    ],
    "tvec": [
      0.295071092027517,
      -0.058168669909209644,
      12.776904608590668
    ],
    "euler_angles": [
      -3.100074655022909,
      -16.64689662216959,
      0.8793051468910196
    ]
  },
  "errors": {
    "mean_px": 1.0664243698120117,
    "median_px": 0.8658056259155273,
    "rms_px": 1.3628731966018677,
    "max_px": 6.765503883361816,
    "min_px": 0.005986192263662815,
    "per_frame_rms_px": {
      "0": 2.8088409900665283,
      "1": 2.1588492393493652,
      "2": 1.5456467866897583,
      "3": 2.726109743118286,
      "4": 1.2456456422805786,
      "5": 1.072928786277771,
      "6": 0.9397447109222412,
      "7": 0.9567148685455322,
      "8": 1.1490106582641602,
      "9": 1.1789495944976807,
      "10": 1.4239410161972046,
      "11": 1.318743348121643,
      "12": 1.3654894828796387,
      "13": 1.1229766607284546,
      "14": 1.2699798345565796,
      "15": 1.179202914237976,
      "16": 0.9888593554496765,
      "17": 0.9568010568618774,
      "18": 1.0883550643920898,
      "19": 0.7211717367172241,
      "20": 0.6431411504745483,
      "21": 1.1430602073669434,
      "22": 0.8145698308944702,
      "23": 0.6075273752212524,
      "24": 0.8902439475059509,
      "25": 0.8145902156829834,
      "26": 0.9731466174125671,
      "27": 1.0946896076202393,
      "28": 1.363897681236267,
      "29": 2.100320339202881,
      "30": 2.082955837249756
    }
  }
}