{
  "rms_error_px": 0.7615634560445985,
  "relative_pose": {
    "rvec": [
      [
        -0.026638550757202405
      ],
      [
        0.43576446491058907
      ],
      [
        -0.0539682260650172
      ]
    ],
    "tvec": [
      [
        -7.097665917988139
      ],
      [
        -0.1021674062749163
      ],
      [
        -2.785805491998988
      ]
    ],
    "rotation_matrix": [
      [
        0.9051429670672351,
        0.04653332736244592,
        0.42255278796063067
      ],
      [
        -0.05795547090555775,
        0.9982179271346138,
        0.01421736048604161
      ],
      [
        -0.42113818701328587,
        -0.03735798966291481,
        0.9062267972464223
      ]
    ],
    "euler_angles_deg": [
      -2.360605413945031,
      24.906466865350573,
      -3.6635949026457806
    ]
  },
  "left_camera": {
    "intrinsics": {
      "fx": 1312.767579271674,
      "fy": 1329.9765482073688,
      "cx": 455.13389754759015,
      "cy": 280.38202938375025,
      "dist_coeffs": [
        -0.2032655879307203,
        1.162604166483744,
        -0.007359363055788066,
        -0.006409312688716338,
        -9.840275080854278
      ],
      "K": [
        [
          1312.767579271674,
          0.0,
          455.13389754759015
        ],
        [
          0.0,
          1329.9765482073688,
          280.38202938375025
        ],
        [
          0.0,
          0.0,
          1.0
        ]
      ]
    },
    "extrinsics": {
      "rvec": [
        [
          -0.05134310612591873
        ],
        [
          -0.2908783752159135
        ],
        [
          0.0073575244816058
        ]
      ],
      "tvec": [
        [
          0.29457311111693346
        ],
        [
          -0.059897216459972334
        ],
        [
          12.77685131627156
        ]
      ]
    }
  },
  "right_camera": {
    "intrinsics": {
      "fx": 1118.419737667083,
      "fy": 1110.4336898527793,
      "cx": 687.9477918914574,
      "cy": 314.7242135476502,
      "dist_coeffs": [
        0.028356555051070605,
        -0.04091048040659488,
        -0.0017932312005686285,
        0.002329332555980975,
        -0.113441914907438
      ],
      "K": [
        [
          1118.419737667083,
          0.0,
          687.9477918914574
        ],
        [
          0.0,
          1110.4336898527793,
          314.7242135476502
        ],
        [
          0.0,
          0.0,
          1.0
        ]
      ]
    },
    "extrinsics": {
      "rvec": [
        [
          -0.08233380325132833
        ],
        [
          0.14635564073912788
        ],
        [
          -0.03094879226321966
        ]
      ],
      "tvec": [
        [
          -1.434928209906161
        ],
        [
          0.0026230961383678086
        ],
        [
          8.671101208874223
        ]
      ]
    }
  },
  "metadata": {
    "left_resolution": [
      1280,
      720
    ],
    "right_resolution": [
      768,
      768
    ],
    "total_points_per_camera": 3064,
    "total_observations": 6128
  }
}