{
  "rms_error_px": 0.7814207957597883,
  "relative_pose": {
    "rvec": [
      [
        -0.03544941576776324
      ],
      [
        0.43596341908106634
      ],
      [
        -0.0526159758367292
      ]
    ],
    "tvec": [
      [
        -7.106628577207784
      ],
      [
        -0.10409767242556654
      ],
      [
        -2.795052113797338
      ]
    ],
    "rotation_matrix": [
      [
        0.9051331204504115,
        0.04332723733629479,
        0.4229146305916894
      ],
      [
        -0.05853353239329409,
        0.9980197903398574,
        0.023028757577214766
      ],
      [
        -0.4210793985096681,
        -0.04559877843529712,
        0.9058768633517166
      ]
    ],
    "euler_angles_deg": [
      -2.881643647455075,
      24.902753198862335,
      -3.70007558985232
    ]
  },
  "left_camera": {
    "intrinsics": {
      "fx": 1314.0235357880667,
      "fy": 1330.790813699282,
      "cx": 453.1740898775724,
      "cy": 291.625101238395,
      "dist_coeffs": [
        -0.17930586916758928,
        0.5450865157705838,
        -0.006230213955190607,
        -0.0074972782338885565,
        -7.091924110484312
      ],
      "K": [
        [
          1314.0235357880667,
          0.0,
          453.1740898775724
        ],
        [
          0.0,
          1330.790813699282,
          291.625101238395
        ],
        [
          0.0,
          0.0,
          1.0
        ]
      ]
    },
    "extrinsics": {
      "rvec": [
        [
          -0.04282573373916926
        ],
        [
          -0.2891510977664982
        ],
        [
          0.006516898259437641
        ]
      ],
      "tvec": [
        [
          0.7932942120826306
        ],
        [
          -0.16163544250401402
        ],
        [
          12.933989274144736
        ]
      ]
    }
  },
  "right_camera": {
    "intrinsics": {
      "fx": 1117.9182273882825,
      "fy": 1110.0463839837219,
      "cx": 686.0425904502772,
      "cy": 314.46185396041034,
      "dist_coeffs": [
        0.028554245718249587,
        -0.05991637480257226,
        -0.0018939057464541014,
        0.0015548807199786334,
        -0.07040546238029854
      ],
      "K": [
        [
          1117.9182273882825,
          0.0,
          686.0425904502772
        ],
        [
          0.0,
          1110.0463839837219,
          314.46185396041034
        ],
        [
          0.0,
          0.0,
          1.0
        ]
      ]
    },
    "extrinsics": {
      "rvec": [
        [
          -0.08264758193474543
        ],
        [
          0.14808434989511152
        ],
        [
          -0.03104377276825653
        ]
      ],
      "tvec": [
        [
          -0.9256216328177169
        ],
        [
          -0.01399365182468898
        ],
        [
          8.594880049554718
        ]
      ]
    }
  },
  "metadata": {
    "left_resolution": [
      1280,
      720
    ],
    "right_resolution": [
      768,
      768
    ],
    "total_points_per_camera": 3025,
    "total_observations": 6050
  }
}