{
    "cams": {
        "cam": {
            "K": [
                [
                    1773.747550071125,
                    0.0,
                    734.205007734407
                ],
                [
                    0.0,
                    1771.909219467372,
                    732.7786230504198
                ],
                [
                    0.0,
                    0.0,
                    1.0
                ]
            ],
            "Rt": [
                [
                    1.0,
                    0.0,
                    0.0,
                    0.0
                ],
                [
                    0.0,
                    1.0,
                    0.0,
                    0.0
                ],
                [
                    0.0,
                    0.0,
                    1.0,
                    0.0
                ]
            ],
            "distortion": [
                0.32092928886413574,
                -4.836263179779053,
                0.005511431954801083,
                0.03292134404182434,
                3.836124897003174
            ],
            "resolution": [
                1280,
                720
            ],
            "undistortion": [
                -0.32092928886413574,
                4.836263179779053,
                -0.005511431954801083,
                -0.03292134404182434,
                -3.836101770401001
            ]
        }
    },
    "projectors": {
        "projector": {
            "K": [
                [
                    1316.8448582081776,
                    0.0,
                    405.36964986370634
                ],
                [
                    0.0,
                    1315.8444931465333,
                    369.21905997808784
                ],
                [
                    0.0,
                    0.0,
                    1.0
                ]
            ],
            "Rt": [
                [
                    0.889907349704735,
                    -0.004485662639735768,
                    -0.4561192692401595,
                    4.671043331769466
                ],
                [
                    -0.01899226988199217,
                    0.9987201239371172,
                    -0.04687651573825503,
                    -0.19956160015402957
                ],
                [
                    0.4557457653409675,
                    0.05037849614380898,
                    0.8886831856742109,
                    7.197973693863563
                ]
            ],
            "distortion": [
                -0.14306975901126862,
                -1.2390704154968262,
                0.0026734969578683376,
                -0.0005264350911602378,
                -25.454975128173828
            ],
            "resolution": [
                768,
                768
            ],
            "undistortion": [
                0.14306975901126862,
                1.2390704154968262,
                -0.0026734969578683376,
                0.0005264350911602378,
                25.455129623413086
            ]
        }
    }
}