{
    "cams": {
        "cam": {
            "K": [
                [
                    1116.99,
                    0.0,
                    672.51
                ],
                [
                    0.0,
                    1109.22,
                    322.02
                ],
                [
                    0.0,
                    0.0,
                    1.0
                ]
            ],
            "Rt": [
                [
                    0.9869008608948137,
                    0.03124748805937455,
                    0.1597374258088058,
                    -1.314
                ],
                [
                    -0.04039888737678951,
                    0.9963189536353104,
                    0.07559409590717117,
                    -0.058
                ],
                [
                    -0.1573595312778529,
                    -0.08099449405878061,
                    0.984029361397501,
                    8.656
                ]
            ],
            "distortion": [
                0.0334,
                -0.0702,
                -0.0018,
                0.0007,
                -0.0553
            ],
            "resolution": [
                1280,
                720
            ],
            "undistortion": [
                -0.0334,
                0.0702,
                0.0018,
                -0.0007,
                0.0553
            ]
        }
    },
    "projectors": {
        "projector": {
            "K": [
                [
                    1312.84,
                    0.0,
                    455.58
                ],
                [
                    0.0,
                    1330.09,
                    279.93
                ],
                [
                    0.0,
                    0.0,
                    1.0
                ]
            ],
            "Rt": [
                [
                    0.9578760981013673,
                    0.006582978432274516,
                    -0.28710636474321216,
                    0.290
                ],
                [
                    0.013858305230383026,
                    0.9985708583108604,
                    0.0516109516055883,
                    -0.056
                ],
                [
                    0.2867138981970922,
                    -0.05300584952073035,
                    0.9565164779634855,
                    12.777
                ]
            ],
            "distortion": [
                -0.2070,
                1.1858,
                -0.0074,
                -0.0065,
                -9.8303
            ],
            "resolution": [
                768,
                768
            ],
            "undistortion": [
                0.2070,
                -1.1858,
                0.0074,
                0.0065,
                9.8303
            ]
        }
    }
}