{
    "cams": {
        "cam": {
            "K": [
                [
                    1117.0855783262061,
                    0.0,
                    674.1929123231077
                ],
                [
                    0.0,
                    1109.4992479191333,
                    317.6472274995494
                ],
                [
                    0.0,
                    0.0,
                    1.0
                ]
            ],
            "Rt": [
                [
                    1.0,
                    0.0,
                    0.0,
                    0.0
                ],
                [
                    0.0,
                    1.0,
                    0.0,
                    0.0
                ],
                [
                    0.0,
                    0.0,
                    1.0,
                    0.0
                ]
            ],
            "distortion": [
                0.03434823522674035,
                -0.07535240117238277,
                -0.0018348556022771757,
                0.0006376176514628778,
                -0.04436279535918952
            ],
            "resolution": [
                1280,
                720
            ],
            "undistortion": [
                -0.03434823522674035,
                0.07535240117238277,
                0.0018348556022771757,
                -0.0006376176514628778,
                0.04436279535918952
            ]
        }
    },
    "projectors": {
        "projector": {
            "K": [
                [
                    1312.2117307664755,
                    0.0,
                    455.09001186987746
                ],
                [
                    0.0,
                    1329.5044555530137,
                    280.20695685985754
                ],
                [
                    0.0,
                    0.0,
                    1.0
                ]
            ],
            "Rt": [
                [
                    0.8999915710596568,
                    -0.057844524207267996,
                    -0.4320522920212384,
                    5.227014521876593
                ],
                [
                    0.04713363853507183,
                    0.9982587133553493,
                    -0.035467750542818886,
                    0.33351260848976233
                ],
                [
                    0.4333515802902026,
                    0.011556479972605218,
                    0.901150850651891,
                    5.554361435803285
                ]
            ],
            "distortion": [
                -0.1682754569399924,
                0.49206126976917225,
                -0.007668958410928017,
                -0.006343787480800447,
                -6.132588134264139
            ],
            "resolution": [
                768,
                768
            ],
            "undistortion": [
                0.1682754569399924,
                -0.49206126976917225,
                0.007668958410928017,
                0.006343787480800447,
                6.132588134264139
            ]
        }
    }
}