{
    "cams": {
        "cam": {
            "K": [
                [
                    1118.419737667083,
                    0.0,
                    687.9477918914574
                ],
                [
                    0.0,
                    1110.4336898527793,
                    314.7242135476502
                ],
                [
                    0.0,
                    0.0,
                    1.0
                ]
            ],
            "Rt": [
                [
                    0.9888382588437931,
                    0.02478823408267883,
                    0.14691644325206774,
                    -1.434928209906161
                ],
                [
                    -0.03680900086962942,
                    0.9961410484116915,
                    0.07967502195943041,
                    0.0026230961383678086
                ],
                [
                    -0.1443744967151586,
                    -0.08419355747513235,
                    0.9859348100041535,
                    8.671101208874223
                ]
            ],
            "distortion": [
                0.028356555051070605,
                -0.04091048040659488,
                -0.0017932312005686285,
                0.002329332555980975,
                -0.113441914907438
            ],
            "resolution": [
                1280,
                720
            ],
            "undistortion": [
                -0.028356555051070605,
                0.04091048040659488,
                0.0017932312005686285,
                -0.002329332555980975,
                0.113441914907438
            ]
        }
    },
    "projectors": {
        "projector": {
            "K": [
                [
                    1312.767579271674,
                    0.0,
                    455.13389754759015
                ],
                [
                    0.0,
                    1329.9765482073688,
                    280.38202938375025
                ],
                [
                    0.0,
                    0.0,
                    1.0
                ]
            ],
            "Rt": [
                [
                    0.9579748923360093,
                    0.0001621943501734788,
                    -0.2868520164593658,
                    0.29457311111693346
                ],
                [
                    0.014664070815185098,
                    0.9986646335403658,
                    0.04953700377307887,
                    -0.059897216459972334
                ],
                [
                    0.28647699851984404,
                    -0.0516616241390025,
                    0.9566932663661754,
                    12.77685131627156
                ]
            ],
            "distortion": [
                -0.2032655879307203,
                1.162604166483744,
                -0.007359363055788066,
                -0.006409312688716338,
                -9.840275080854278
            ],
            "resolution": [
                768,
                768
            ],
            "undistortion": [
                0.2032655879307203,
                -1.162604166483744,
                0.007359363055788066,
                0.006409312688716338,
                9.840275080854278
            ]
        }
    }
}