{
    "cams": {
        "cam": {
            "K": [
                [
                    900.9314004954516,
                    0.0,
                    640.3252407483444
                ],
                [
                    0.0,
                    900.7667156758965,
                    360.20311525607207
                ],
                [
                    0.0,
                    0.0,
                    1.0
                ]
            ],
            "Rt": [
                [
                    1.0,
                    0.0,
                    0.0,
                    0.0
                ],
                [
                    0.0,
                    1.0,
                    0.0,
                    0.0
                ],
                [
                    0.0,
                    0.0,
                    1.0,
                    0.0
                ]
            ],
            "distortion": [
                0.08635922137830729,
                -0.36064685616471104,
                -0.0015552533008333274,
                -0.002056450501698917,
                0.556347198693488
            ],
            "resolution": [
                1280,
                720
            ],
            "undistortion": [
                -0.08635922137830729,
                0.36064685616471104,
                0.0015552533008333274,
                0.002056450501698917,
                -0.556347198693488
            ]
        }
    },
    "projectors": {
        "projector": {
            "K": [
                [
                    1300.1135734735487,
                    0.0,
                    383.4190252749495
                ],
                [
                    0.0,
                    1300.07194164876483,
                    383.43642655567584
                ],
                [
                    0.0,
                    0.0,
                    1.0
                ]
            ],
            "Rt": [
                [
                    0.889907349704735,
                    -0.004485662639735768,
                    -0.4561192692401595,
                    4.671043331769466
                ],
                [
                    -0.01899226988199217,
                    0.9987201239371172,
                    -0.04687651573825503,
                    -0.19956160015402957
                ],
                [
                    0.4557457653409675,
                    0.05037849614380898,
                    0.8886831856742109,
                    7.197973693863563
                ]
            ],
            "distortion": [
                0.005745638880117019,
                -0.2806745113318197,
                -0.00014562511433883094,
                -0.020638387678984026,
                0.34212078377987404
            ],
            "resolution": [
                768,
                768
            ],
            "undistortion": [
                -0.005745638880117019,
                0.2806745113318197,
                0.00014562511433883094,
                0.020638387678984026,
                -0.34212078377987404
            ]
        }
    }
}