{
    "cams": {
        "cam": {
            "K": [
                [
                    1117.2308775574302,
                    0.0,
                    674.3547703095085
                ],
                [
                    0.0,
                    1109.6372992250251,
                    317.6460828272882
                ],
                [
                    0.0,
                    0.0,
                    1.0
                ]
            ],
            "Rt": [
                [
                    0.9870305148821135,
                    0.024770673720100365,
                    0.15861013969794702,
                    -1.3284666405848895
                ],
                [
                    -0.03741538655045677,
                    0.996310324665599,
                    0.0772387584960332,
                    -0.02222210958586757
                ],
                [
                    -0.15611166369246676,
                    -0.08217147125481553,
                    0.9843154970694047,
                    8.654655141481886
                ]
            ],
            "distortion": [
                0.03381150422177195,
                -0.07022624723501353,
                -0.0018045798036728205,
                0.0006685960613334547,
                -0.05529105698589271
            ],
            "resolution": [
                1280,
                720
            ],
            "undistortion": [
                -0.03381150422177195,
                0.07022624723501353,
                0.0018045798036728205,
                -0.0006685960613334547,
                0.05529105698589271
            ]
        }
    },
    "projectors": {
        "projector": {
            "K": [
                [
                    1312.8399365656176,
                    0.0,
                    455.57742449133474
                ],
                [
                    0.0,
                    1330.0915026987077,
                    279.9268893192502
                ],
                [
                    0.0,
                    0.0,
                    1.0
                ]
            ],
            "Rt": [
                [
                    0.9578771936972496,
                    0.00020156092231672727,
                    -0.28717806526243667,
                    0.29028337832582046
                ],
                [
                    0.014742413190143893,
                    0.9986467086050489,
                    0.0498739676147152,
                    -0.05555316988266211
                ],
                [
                    0.28679948230081026,
                    -0.052006833834575855,
                    0.9565779352391994,
                    12.777398986278621
                ]
            ],
            "distortion": [
                -0.20701631595601422,
                1.185845791579822,
                -0.007381986342123493,
                -0.006507903256230617,
                -9.830294579791513
            ],
            "resolution": [
                1280,
                720
            ],
            "undistortion": [
                0.20701631595601422,
                -1.185845791579822,
                0.007381986342123493,
                0.006507903256230617,
                9.830294579791513
            ]
        }
    }
}