{
    "cams": {
        "cam": {
            "K": [
                [
                    1117.0049737353356,
                    0.0,
                    674.6585292884126
                ],
                [
                    0.0,
                    1109.333402956315,
                    317.52856447273325
                ],
                [
                    0.0,
                    0.0,
                    1.0
                ]
            ],
            "Rt": [
                [
                    0.9870744324778825,
                    0.024778642036196726,
                    0.1583353518558253,
                    -0.8374644050813059
                ],
                [
                    -0.03741686918893517,
                    0.9963021381892507,
                    0.07734356689231002,
                    -0.0400807090961154
                ],
                [
                    -0.1558333810470789,
                    -0.0822682705444155,
                    0.9843515068374035,
                    8.572783523946056
                ]
            ],
            "distortion": [
                0.033179554170161295,
                -0.07278566188100105,
                -0.0017837747284217406,
                0.0009117155947135013,
                -0.040758277890592644
            ],
            "resolution": [
                1280,
                720
            ],
            "undistortion": [
                -0.033179554170161295,
                0.07278566188100105,
                0.0017837747284217406,
                -0.0009117155947135013,
                0.040758277890592644
            ]
        }
    },
    "projectors": {
        "projector": {
            "K": [
                [
                    1314.5286039406838,
                    0.0,
                    449.4424655571523
                ],
                [
                    0.0,
                    1331.6622190059386,
                    287.4535780452756
                ],
                [
                    0.0,
                    0.0,
                    1.0
                ]
            ],
            "Rt": [
                [
                    0.9592791261799819,
                    -0.0001507507125785828,
                    -0.2824597942178549,
                    0.8299997853187833
                ],
                [
                    0.01319467229012279,
                    0.9989321048907204,
                    0.04427810341185797,
                    -0.12120469285688552
                ],
                [
                    0.2821514818294006,
                    -0.046202024769674103,
                    0.9582567057989502,
                    12.937172198677741
                ]
            ],
            "distortion": [
                -0.17079459255643986,
                0.4550984992378378,
                -0.007168765322093377,
                -0.0077277683619894335,
                -6.9024835396613184
            ],
            "resolution": [
                768,
                768
            ],
            "undistortion": [
                0.17079459255643986,
                -0.4550984992378378,
                0.007168765322093377,
                0.0077277683619894335,
                6.9024835396613184
            ]
        }
    }
}